<?xml version="1.0" encoding="UTF-8"?>
<project-private xmlns="http://www.netbeans.org/ns/project-private/1">
    <editor-bookmarks xmlns="http://www.netbeans.org/ns/editor-bookmarks/2" lastBookmarkId="0"/>
    <open-files xmlns="http://www.netbeans.org/ns/projectui-open-files/2">
        <group>
            <file>file:/Users/timothy.holcombe128/Desktop/SUN/src/ci/event/QueryGenerator.java</file>
            <file>file:/Users/timothy.holcombe128/Desktop/SUN/src/ci/event/Weather.java</file>
            <file>file:/Users/timothy.holcombe128/Desktop/SUN/src/ci/event/Factory.java</file>
            <file>file:/Users/timothy.holcombe128/Desktop/SUN/src/ci/event/User.java</file>
            <file>file:/Users/timothy.holcombe128/Desktop/SUN/src/ci/event/ServerResponse.java</file>
            <file>file:/Users/timothy.holcombe128/Desktop/SUN/src/ci/event/Controller.java</file>
            <file>file:/Users/timothy.holcombe128/Desktop/SUN/src/ci/event/Event.java</file>
            <file>file:/Users/timothy.holcombe128/Desktop/SUN/src/ci/event/Mail.java</file>
        </group>
    </open-files>
</project-private>
